ticker,num_comments,comment_sentiment_average,latest_comment_date,score,upvote_ratio,date,domain,num_crossposts,author,timestamp,commentdate
MSFT,453,0.09210526315789473,1540518539.0,157,0.97,1540409316.0,self.wallstreetbets,0,Shauncore,2018-10-24 15:28:36,2018-10-25 21:48:59
AMZN,811,0.06369426751592357,1549054396.0,156,0.97,1548966153.0,self.wallstreetbets,0,Shauncore,2019-01-31 15:22:33,2019-02-01 15:53:16
GOOG,220,-0.008438818565400843,1549408177.0,167,0.96,1549312819.0,self.wallstreetbets,0,Shauncore,2019-02-04 15:40:19,2019-02-05 18:09:37
AMZN,809,0.12422360248447205,1556308938.0,219,0.97,1556220838.0,self.wallstreetbets,0,Shauncore,2019-04-25 15:33:58,2019-04-26 16:02:18
MSFT,418,0.21945701357466063,1556486662.0,139,0.98,1556133816.0,self.wallstreetbets,0,Shauncore,2019-04-24 15:23:36,2019-04-28 17:24:22
GOOG,81,0.011904761904761904,1560379696.0,234,0.97,1559916083.0,self.wallstreetbets,0,urdumlol,2019-06-07 10:01:23,2019-06-12 18:48:16
MSFT,2027,0.1273100616016427,1562561805.0,12717,0.92,1562163642.0,self.wallstreetbets,1,Trade-The-Dip,2019-07-03 10:20:42,2019-07-08 00:56:45
MSFT,832,0.15337423312883436,1563536324.0,162,0.98,1563476831.0,self.wallstreetbets,0,IamTheAsian,2019-07-18 15:07:11,2019-07-19 07:38:44
CRWD,40,0.4878048780487805,1565710632.0,45,0.9,1563480995.0,self.wallstreetbets,0,atticus116,2019-07-18 16:16:35,2019-08-13 11:37:12
CRWD,121,0.4830508474576271,1567538324.0,2077,0.98,1567381774.0,self.wallstreetbets,0,swaggymedia,2019-09-01 19:49:34,2019-09-03 15:18:44
CRWD,148,0.02112676056338028,1567785396.0,30,0.96,1567714381.0,self.wallstreetbets,0,pacman22777,2019-09-05 16:13:01,2019-09-06 11:56:36
MSFT,818,0.10706638115631692,1571936401.0,182,0.96,1571860950.0,self.wallstreetbets,0,mindspeaker420,2019-10-23 16:02:30,2019-10-24 13:00:01
CRWD,117,0.06086956521739131,1572133152.0,66,0.88,1567463711.0,self.wallstreetbets,0,Heavy_D72,2019-09-02 18:35:11,2019-10-26 19:39:12
AMZN,1606,0.08085106382978724,1574353363.0,9554,0.93,1573760843.0,self.wallstreetbets,0,-Hyre,2019-11-14 14:47:23,2019-11-21 11:22:43
AMZN,206,0.19911504424778761,1580491447.0,406,0.98,1580418423.0,self.wallstreetbets,0,bay650area1,2020-01-30 16:07:03,2020-01-31 12:24:07
GOOG,46,0.022222222222222223,1580833306.0,665,0.98,1580764241.0,self.wallstreetbets,0,notsurewhereelse,2020-02-03 16:10:41,2020-02-04 11:21:46
MSFT,237,0.1350210970464135,1581435622.0,813,0.97,1580896563.0,self.wallstreetbets,0,SuXs,2020-02-05 04:56:03,2020-02-11 10:40:22
MSFT,176,0.12643678160919541,1581544620.0,700,0.96,1581468303.0,self.wallstreetbets,0,MaxAds1,2020-02-11 19:45:03,2020-02-12 16:57:00
MSFT,339,0.08588957055214724,1581645225.0,424,0.98,1581552461.0,self.wallstreetbets,1,curiousprovisions,2020-02-12 19:07:41,2020-02-13 20:53:45
MSFT,272,0.155893536121673,1582716384.0,1149,0.96,1582639358.0,self.wallstreetbets,1,beloose,2020-02-25 09:02:38,2020-02-26 06:26:24
MSFT,366,0.03903903903903904,1582908260.0,3072,0.98,1582712293.0,self.wallstreetbets,0,unikend,2020-02-26 05:18:13,2020-02-28 11:44:20
MSFT,109,0.04672897196261682,1583552649.0,511,0.97,1581028951.0,self.wallstreetbets,0,uraniumboy12,2020-02-06 17:42:31,2020-03-06 22:44:09
MSFT,530,0.13938053097345132,1583961176.0,2478,0.97,1581624540.0,self.wallstreetbets,0,jcpoetic,2020-02-13 15:09:00,2020-03-11 17:12:56
MSFT,259,0.07407407407407407,1584316104.0,443,0.89,1583605669.0,self.wallstreetbets,0,baggiecurls,2020-03-07 13:27:49,2020-03-15 19:48:24
CRWD,31,0.4666666666666667,1584898017.0,12,0.84,1584652436.0,self.wallstreetbets,0,Cosmokramer111,2020-03-19 17:13:56,2020-03-22 13:26:57
MSFT,195,0.035897435897435895,1587867886.0,249,0.8,1580907001.0,self.wallstreetbets,0,long_AMZN,2020-02-05 07:50:01,2020-04-25 22:24:46
AMZN,221,0.23008849557522124,1588605677.0,335,0.96,1579026516.0,self.wallstreetbets,0,soundofreedom,2020-01-14 13:28:36,2020-05-04 11:21:17
CRWD,84,0.352112676056338,1589488652.0,10,0.69,1588987448.0,self.wallstreetbets,0,dickpal,2020-05-08 21:24:08,2020-05-14 16:37:32
AMZN,1461,0.1496881496881497,1589919981.0,15392,0.91,1587059802.0,self.wallstreetbets,1,anonrose,2020-04-16 13:56:42,2020-05-19 16:26:21
CRWD,34,0.17142857142857143,1591219724.0,7,0.82,1590761598.0,self.wallstreetbets,0,AppTB,2020-05-29 10:13:18,2020-06-03 17:28:44
CRWD,23,0.08695652173913043,1591308760.0,1,0.54,1591189056.0,self.wallstreetbets,1,redditoruno,2020-06-03 08:57:36,2020-06-04 18:12:40
CRWD,119,0.27350427350427353,1591359119.0,58,0.87,1590015929.0,self.wallstreetbets,0,motley_bruin,2020-05-20 19:05:29,2020-06-05 08:11:59
CRWD,29,0.13793103448275862,1593061091.0,7,0.77,1591126712.0,self.wallstreetbets,0,Bargains730,2020-06-02 15:38:32,2020-06-25 00:58:11
CRWD,454,0.07637231503579953,1593188174.0,5963,0.98,1584711705.0,self.wallstreetbets,0,WSBConsensus,2020-03-20 09:41:45,2020-06-26 12:16:14
MSFT,232,0.034934497816593885,1597087597.0,497,0.94,1596995811.0,self.wallstreetbets,0,MonsieurSloth,2020-08-09 13:56:51,2020-08-10 15:26:37
CRWD,18,0.35,1597115830.0,10,0.86,1597092355.0,self.wallstreetbets,0,justsomestubble,2020-08-10 16:45:55,2020-08-10 23:17:10
MSFT,330,0.17251461988304093,1598577136.0,519,0.96,1596411811.0,self.wallstreetbets,0,ss_400401,2020-08-02 19:43:31,2020-08-27 21:12:16
MSFT,174,0.1686046511627907,1598940943.0,282,0.94,1598538372.0,self.wallstreetbets,0,barelypos,2020-08-27 10:26:12,2020-09-01 02:15:43
MSFT,248,0.11336032388663968,1599076168.0,260,0.98,1598559305.0,self.wallstreetbets,0,Swinghodler,2020-08-27 16:15:05,2020-09-02 15:49:28
MSFT,826,0.08971553610503283,1602654274.0,5937,0.96,1602246793.0,self.wallstreetbets,0,checkinggg,2020-10-09 08:33:13,2020-10-14 01:44:34
AMZN,147,0.08783783783783784,1604217944.0,1353,0.95,1598546960.0,self.wallstreetbets,0,1poundbookingfee,2020-08-27 12:49:20,2020-11-01 03:05:44
CRWD,32,0.34285714285714286,1607615621.0,15,0.84,1606908940.0,self.wallstreetbets,0,sglah,2020-12-02 06:35:40,2020-12-10 10:53:41
MSFT,336,0.2222222222222222,1610116890.0,1184,0.98,1600694516.0,self.wallstreetbets,0,negovany,2020-09-21 09:21:56,2021-01-08 09:41:30
MSFT,129,0.2426470588235294,1611092820.0,498,0.97,1611002779.0,self.wallstreetbets,0,DoubleUEssBee,2021-01-18 15:46:19,2021-01-19 16:47:00
CRWD,279,0.20622568093385213,1611529529.0,1329,0.98,1611100095.0,self.wallstreetbets,0,ccookcomp,2021-01-19 18:48:15,2021-01-24 18:05:29
AMZN,285,0.29880478087649404,1613422257.0,1084,0.96,1613061864.0,self.wallstreetbets,1,louis_lafaille,2021-02-11 11:44:24,2021-02-15 15:50:57
MSFT,3420,0.04526748971193416,1613536941.0,49446,0.91,1613489522.0,self.wallstreetbets,28,deltamoney,2021-02-16 10:32:02,2021-02-16 23:42:21
MSFT,29614,0.09375,1615337572.0,28067,0.93,1611955406.0,self.wallstreetbets,10,OPINION_IS_UNPOPULAR,2021-01-29 16:23:26,2021-03-09 19:52:52
MSFT,743,0.1471264367816092,1620276799.0,19160,0.89,1620095108.0,self.wallstreetbets,1,mullerel,2021-05-03 22:25:08,2021-05-06 00:53:19
GOOG,1162,0.2448559670781893,1624481000.0,10417,0.93,1622433718.0,self.wallstreetbets,3,ICanChangeTheWorld,2021-05-31 00:01:58,2021-06-23 16:43:20
CRWD,328,0.3333333333333333,1625098468.0,2249,0.95,1617735365.0,self.wallstreetbets,5,Rivaaal,2021-04-06 14:56:05,2021-06-30 20:14:28
AMZN,216,0.05263157894736842,1626907483.0,613,0.84,1626725207.0,self.wallstreetbets,0,FluxTradesStocks,2021-07-19 16:06:47,2021-07-21 18:44:43
GOOG,92,0.25757575757575757,1627476141.0,227,0.92,1627250073.0,self.wallstreetbets,0,FluxTradesStocks,2021-07-25 17:54:33,2021-07-28 08:42:21
MSFT,518,0.044270833333333336,1627576915.0,90,0.71,1627473662.0,self.wallstreetbets,0,VisualMod,2021-07-28 08:01:02,2021-07-29 12:41:55
AMZN,1583,0.13524590163934427,1627598143.0,16136,0.88,1624932875.0,self.wallstreetbets,5,Johnny_Dough420,2021-06-28 22:14:35,2021-07-29 18:35:43
AMZN,760,0.08917197452229299,1628088116.0,247,0.9,1627646461.0,self.wallstreetbets,0,VisualMod,2021-07-30 08:01:01,2021-08-04 10:41:56
GOOG,74,0.3103448275862069,1635371962.0,423,0.95,1635116001.0,self.wallstreetbets,1,buddyboh12,2021-10-24 18:53:21,2021-10-27 17:59:22
CRWD,330,0.11858974358974358,1637851509.0,796,0.96,1602475435.0,self.wallstreetbets,1,SWEDtrader,2020-10-12 00:03:55,2021-11-25 09:45:09
AMZN,483,0.25977653631284914,1639536124.0,1308,0.96,1629057814.0,self.wallstreetbets,1,RossPG,2021-08-15 16:03:34,2021-12-14 21:42:04
CRWD,357,0.17465753424657535,1642865164.0,1470,0.88,1638818902.0,self.wallstreetbets,3,moneymonster420,2021-12-06 14:28:22,2022-01-22 10:26:04
AMZN,127,0.26495726495726496,1643044362.0,440,0.74,1623929946.0,self.wallstreetbets,0,lcstevens5,2021-06-17 07:39:06,2022-01-24 12:12:42
CRWD,366,0.2196969696969697,1643796426.0,2226,0.94,1637793951.0,self.wallstreetbets,2,moneymonster420,2021-11-24 17:45:51,2022-02-02 05:07:06
MSFT,1539,0.03305785123966942,1644092098.0,16176,0.83,1643933128.0,self.wallstreetbets,0,Troflecopter,2022-02-03 19:05:28,2022-02-05 15:14:58
GOOG,104,0.2857142857142857,1644167894.0,24,0.77,1643745145.0,self.wallstreetbets,0,InternetOfficer,2022-02-01 14:52:25,2022-02-06 12:18:14
AMZN,399,0.2034383954154728,1645398751.0,1850,0.96,1643909272.0,self.wallstreetbets,0,john151,2022-02-03 12:27:52,2022-02-20 18:12:31
MSFT,2048,0.2329896907216495,1645719382.0,23973,0.89,1645634056.0,self.wallstreetbets,1,DuCWulf,2022-02-23 11:34:16,2022-02-24 11:16:22
CRWD,12955,-0.040983606557377046,1646914714.0,343,0.87,1646859610.0,self.wallstreetbets,0,AutoModerator,2022-03-09 16:00:10,2022-03-10 07:18:34
GOOG,461,0.07390300230946882,1647980420.0,2146,0.93,1646269484.0,self.wallstreetbets,2,aausch,2022-03-02 20:04:44,2022-03-22 16:20:20
AMZN,908,0.09302325581395349,1652183743.0,3847,0.82,1643965275.0,self.wallstreetbets,0,L0rd_Le0-1404,2022-02-04 04:01:15,2022-05-10 07:55:43
CRWD,166,0.22807017543859648,1653249412.0,266,0.94,1598414648.0,self.wallstreetbets,1,IAMB4TMAN,2020-08-26 00:04:08,2022-05-22 15:56:52
AMZN,1315,0.23651452282157676,1658668929.0,10773,0.8,1653069555.0,self.wallstreetbets,2,SilbergleitJunior,2022-05-20 13:59:15,2022-07-24 09:22:09
CRWD,10,-0.1111111111111111,1666103475.0,6,0.72,1665520299.0,self.wallstreetbets,0,TonyLiberty,2022-10-11 16:31:39,2022-10-18 10:31:15
CRWD,6,0.3333333333333333,1669861510.0,2,0.6,1669826626.0,self.wallstreetbets,0,alphagoescrazy,2022-11-30 11:43:46,2022-11-30 21:25:10
CRWD,12,-0.16666666666666666,1669865628.0,3,0.62,1669771595.0,self.wallstreetbets,0,Whitebrown22,2022-11-29 20:26:35,2022-11-30 22:33:48
MSFT,432,0.07107843137254902,1674720245.0,544,0.77,1674607315.0,self.wallstreetbets,0,eichenes,2023-01-24 19:41:55,2023-01-26 03:04:05
MSFT,591,0.13970588235294118,1676926051.0,3670,0.91,1675788939.0,self.wallstreetbets,0,kk7766,2023-02-07 11:55:39,2023-02-20 15:47:31
GOOG,130,0.23484848484848486,1677564700.0,0,0.43,1677462717.0,self.wallstreetbets,0,ouliogroove,2023-02-26 20:51:57,2023-02-28 01:11:40
GOOG,68,0.22727272727272727,1682225658.0,143,0.94,1651792198.0,self.wallstreetbets,0,CreativeSuit1220,2022-05-05 19:09:58,2023-04-23 00:54:18
GOOG,60,0.27586206896551724,1682699351.0,46,0.84,1682455985.0,self.wallstreetbets,0,DaddyDersch,2023-04-25 16:53:05,2023-04-28 12:29:11
AMZN,253,0.15702479338842976,1682978806.0,250,0.88,1682618407.0,self.wallstreetbets,0,CalmGains,2023-04-27 14:00:07,2023-05-01 18:06:46
CRWD,15,0.2857142857142857,1685573597.0,6,0.65,1669762185.0,self.wallstreetbets,0,PalpitationFrosty242,2022-11-29 17:49:45,2023-05-31 18:53:17
CRWD,8,0.2857142857142857,1685797209.0,14,0.73,1685565245.0,self.wallstreetbets,0,Guysmarket,2023-05-31 16:34:05,2023-06-03 09:00:09
GOOG,279,0.16988416988416988,1688371100.0,611,0.89,1686749805.0,self.wallstreetbets,0,crazier_ed,2023-06-14 09:36:45,2023-07-03 03:58:20
MSFT,120,0.047619047619047616,1689906763.0,319,0.88,1689699698.0,self.wallstreetbets,0,Spenraw,2023-07-18 13:01:38,2023-07-20 22:32:43
GOOG,74,0.2727272727272727,1690443903.0,59,0.79,1689309160.0,self.wallstreetbets,0,reddit_insta_fb,2023-07-14 00:32:40,2023-07-27 03:45:03
CRWD,379,0.06779661016949153,1697033065.0,985,0.87,1670709700.0,self.wallstreetbets,0,GlupShittoOfficial,2022-12-10 17:01:40,2023-10-11 10:04:25
CRWD,17,0.25,1702652104.0,18,0.78,1701203691.0,self.wallstreetbets,1,TheNextPlay,2023-11-28 15:34:51,2023-12-15 09:55:04
GOOG,335,0.15789473684210525,1705338939.0,2157,0.86,1703882404.0,self.wallstreetbets,3,GeeksGuideNet,2023-12-29 15:40:04,2024-01-15 12:15:39
MSFT,110,0.05660377358490566,1705938264.0,101,0.81,1705763815.0,self.wallstreetbets,0,PM_ME_UR_GOOD_VIBE,2024-01-20 10:16:55,2024-01-22 10:44:24
CRWD,112,0.04310344827586207,1709418907.0,69,0.85,1685551441.0,self.wallstreetbets,0,CalmGains,2023-05-31 12:44:01,2024-03-02 17:35:07
CRWD,15,0.26666666666666666,1709663747.0,5,0.6,1709323513.0,self.wallstreetbets,0,PuldakSarang,2024-03-01 15:05:13,2024-03-05 13:35:47
AMZN,109,0.12962962962962962,1709687558.0,218,0.83,1709507809.0,self.wallstreetbets,0,C1TonDoe,2024-03-03 18:16:49,2024-03-05 20:12:38
CRWD,63,0.18333333333333332,1709696763.0,14,0.75,1709586906.0,self.wallstreetbets,0,SuperBearPut,2024-03-04 16:15:06,2024-03-05 22:46:03
CRWD,28,0.3333333333333333,1709761936.0,15,0.82,1709576033.0,self.wallstreetbets,0,FreeDoot,2024-03-04 13:13:53,2024-03-06 16:52:16
CRWD,35,0.4117647058823529,1709821716.0,28,0.81,1709652921.0,self.wallstreetbets,0,SuperBearPut,2024-03-05 10:35:21,2024-03-07 09:28:36
AMZN,171,0.3393939393939394,1709869657.0,317,0.89,1681952201.0,self.wallstreetbets,2,CDNWSYOLOER,2023-04-19 20:56:41,2024-03-07 22:47:37
CRWD,300,0.12734082397003746,1710043202.0,618,0.89,1677078985.0,self.wallstreetbets,0,joinyellowbrick,2023-02-22 10:16:25,2024-03-09 23:00:02
CRWD,387,0.14673913043478262,1710182547.0,372,0.91,1709821200.0,self.wallstreetbets,2,Green-Corgi3945,2024-03-07 09:20:00,2024-03-11 14:42:27
GOOG,11751,-0.06352459016393443,1710820085.0,351,0.91,1710756900.0,self.wallstreetbets,0,wsbapp,2024-03-18 06:15:00,2024-03-18 23:48:05
CRWD,586,0.20935412026726058,1710969472.0,578,0.91,1709646030.0,self.wallstreetbets,1,Green-Corgi3945,2024-03-05 08:40:30,2024-03-20 17:17:52
GOOG,464,0.10112359550561797,1711371424.0,2867,0.95,1710802372.0,self.wallstreetbets,1,amerikayo,2024-03-18 18:52:52,2024-03-25 08:57:04
MSFT,464,0.10112359550561797,1711371424.0,2867,0.95,1710802372.0,self.wallstreetbets,1,amerikayo,2024-03-18 18:52:52,2024-03-25 08:57:04
MSFT,104,0.0784313725490196,1711507234.0,1701,0.96,1711386527.0,self.wallstreetbets,0,YoungReese,2024-03-25 13:08:47,2024-03-26 22:40:34
MSFT,92,0.22340425531914893,1712635185.0,236,0.92,1711741482.0,self.wallstreetbets,1,YoungReese,2024-03-29 15:44:42,2024-04-08 23:59:45
MSFT,148,0.13286713286713286,1714114166.0,304,0.94,1706552129.0,self.wallstreetbets,0,Living-Giraffe4849,2024-01-29 13:15:29,2024-04-26 02:49:26
GOOG,64,0.38095238095238093,1714328952.0,0,0.4,1714076376.0,self.wallstreetbets,0,wotdaf0k,2024-04-25 16:19:36,2024-04-28 14:29:12
GOOG,63,0.1774193548387097,1714350751.0,151,0.93,1714077261.0,self.wallstreetbets,0,vORP,2024-04-25 16:34:21,2024-04-28 20:32:31
MSFT,63,0.1774193548387097,1714350751.0,153,0.93,1714077261.0,self.wallstreetbets,0,vORP,2024-04-25 16:34:21,2024-04-28 20:32:31
GOOG,647,0.08423326133909287,1714413536.0,3227,0.86,1713942256.0,self.wallstreetbets,1,PristineAbrocoma9032,2024-04-24 03:04:16,2024-04-29 13:58:56
GOOG,97,0.07216494845360824,1714422060.0,79,0.82,1709838553.0,self.wallstreetbets,0,gringovato,2024-03-07 14:09:13,2024-04-29 16:21:00
AMZN,206,0.11940298507462686,1714582490.0,282,0.92,1714501061.0,self.wallstreetbets,0,knewtoomuchh,2024-04-30 14:17:41,2024-05-01 12:54:50
GOOG,33,0.21212121212121213,1714608214.0,20,0.84,1714148684.0,self.wallstreetbets,0,SmarterThanYouBud,2024-04-26 12:24:44,2024-05-01 20:03:34
AMZN,199,0.18181818181818182,1714666130.0,268,0.82,1714493011.0,self.wallstreetbets,0,EarningsPlaybook,2024-04-30 12:03:31,2024-05-02 12:08:50
CRWD,15,0.2,1714995727.0,6,0.69,1714743102.0,self.wallstreetbets,0,Agreeable_Ice_4774,2024-05-03 09:31:42,2024-05-06 07:42:07
CRWD,249,0.2952755905511811,1715796323.0,205,0.91,1709672882.0,self.wallstreetbets,0,TheBlackSpeed,2024-03-05 16:08:02,2024-05-15 14:05:23
CRWD,297,0.030612244897959183,1717512299.0,370,0.91,1709562631.0,self.wallstreetbets,0,Beautiful_Translator,2024-03-04 09:30:31,2024-06-04 10:44:59
CRWD,146,0.09848484848484848,1717805211.0,102,0.88,1717523280.0,self.wallstreetbets,1,KnewTwoDiss,2024-06-04 13:48:00,2024-06-07 20:06:51
MSFT,1038,0.30598669623059865,1718607407.0,1665,0.78,1718354826.0,self.wallstreetbets,0,jeffkeeg,2024-06-14 04:47:06,2024-06-17 02:56:47
AMZN,536,0.19743589743589743,1719007641.0,2713,0.93,1718730984.0,self.wallstreetbets,0,Yarob_2184,2024-06-18 13:16:24,2024-06-21 18:07:21
MSFT,536,0.19743589743589743,1719007641.0,2711,0.93,1718730984.0,self.wallstreetbets,0,Yarob_2184,2024-06-18 13:16:24,2024-06-21 18:07:21
GOOG,536,0.19743589743589743,1719007641.0,2707,0.93,1718730984.0,self.wallstreetbets,0,Yarob_2184,2024-06-18 13:16:24,2024-06-21 18:07:21
MSFT,86,0.2222222222222222,1721019267.0,0,0.45,1720476629.0,self.wallstreetbets,0,Euro347,2024-07-08 18:10:29,2024-07-15 00:54:27
CRWD,30,-0.21428571428571427,1721566024.0,5,0.56,1721408173.0,self.wallstreetbets,0,Impossible_Way7017,2024-07-19 12:56:13,2024-07-21 08:47:04
CRWD,141,0.16541353383458646,1721713233.0,122,0.9,1721507340.0,self.wallstreetbets,0,Pianist217,2024-07-20 16:29:00,2024-07-23 01:40:33
CRWD,84,0.34177215189873417,1721750193.0,190,0.9,1721657588.0,self.wallstreetbets,1,Pianist217,2024-07-22 10:13:08,2024-07-23 11:56:33
CRWD,21,-0.15,1721898930.0,45,0.79,1721829993.0,self.wallstreetbets,0,Accomplished-Air439,2024-07-24 10:06:33,2024-07-25 05:15:30
CRWD,29,-0.037037037037037035,1721947494.0,0,0.39,1721744917.0,self.wallstreetbets,0,a_library_socialist,2024-07-23 10:28:37,2024-07-25 18:44:54
GOOG,27,0.11538461538461539,1722084452.0,0,0.27,1722005538.0,self.wallstreetbets,0,Theorigma,2024-07-26 10:52:18,2024-07-27 08:47:32
CRWD,653,0.023923444976076555,1722388610.0,1010,0.9,1721452186.0,self.wallstreetbets,0,nevesis,2024-07-20 01:09:46,2024-07-30 21:16:50
CRWD,13,0.07692307692307693,1722483574.0,25,0.8,1722011988.0,self.wallstreetbets,0,phungus420,2024-07-26 12:39:48,2024-07-31 23:39:34
CRWD,364,-0.03468208092485549,1722520075.0,2141,0.96,1722288309.0,self.wallstreetbets,0,xRy951,2024-07-29 17:25:09,2024-08-01 09:47:55
MSFT,364,-0.03468208092485549,1722520075.0,2144,0.96,1722288309.0,self.wallstreetbets,0,xRy951,2024-07-29 17:25:09,2024-08-01 09:47:55
CRWD,231,0.037209302325581395,1722797924.0,114,0.71,1721566948.0,self.wallstreetbets,0,Mean_Office_6966,2024-07-21 09:02:28,2024-08-04 14:58:44
CRWD,158,0.12837837837837837,1722899248.0,848,0.96,1721680704.0,self.wallstreetbets,0,danf78,2024-07-22 16:38:24,2024-08-05 19:07:28
MSFT,122,0.3620689655172414,1722980786.0,75,0.85,1706672091.0,self.wallstreetbets,0,MobyDick4Real_,2024-01-30 22:34:51,2024-08-06 17:46:26
CRWD,20,-0.16666666666666666,1723227631.0,0,0.47,1723061679.0,self.wallstreetbets,0,TooManShoo,2024-08-07 16:14:39,2024-08-09 14:20:31
CRWD,39,0.23809523809523808,1723941999.0,29,0.83,1723827817.0,self.wallstreetbets,0,Dan23DJR,2024-08-16 13:03:37,2024-08-17 20:46:39
MSFT,113,0.13675213675213677,1725746299.0,76,0.77,1717295364.0,self.wallstreetbets,0,Impossible_Way7017,2024-06-01 22:29:24,2024-09-07 17:58:19
MSFT,1407,0.03665987780040733,1726622076.0,5341,0.93,1697288980.0,self.wallstreetbets,0,Fatherthinger,2023-10-14 09:09:40,2024-09-17 21:14:36
CRWD,90,0.25675675675675674,1726860760.0,76,0.75,1719798109.0,self.wallstreetbets,0,AdventurousGood5214,2024-06-30 21:41:49,2024-09-20 15:32:40
CRWD,640,-0.0502283105022831,1726860958.0,923,0.8,1721476706.0,self.wallstreetbets,0,dubov,2024-07-20 07:58:26,2024-09-20 15:35:58
GOOG,455,0.11848341232227488,1728593354.0,1018,0.87,1725550179.0,self.wallstreetbets,0,No-Establishment8330,2024-09-05 11:29:39,2024-10-10 16:49:14
AMZN,192,0.30538922155688625,1729077235.0,269,0.83,1719173674.0,self.wallstreetbets,0,Money_Stand_6389,2024-06-23 16:14:34,2024-10-16 07:13:55
AMZN,79,0.09722222222222222,1730485442.0,50,0.84,1730383561.0,self.wallstreetbets,0,Boring_Gazelle8164,2024-10-31 10:06:01,2024-11-01 14:24:02
AMZN,168,0.3018867924528302,1730520326.0,636,0.9,1730401248.0,self.wallstreetbets,0,big_red_couch,2024-10-31 15:00:48,2024-11-02 00:05:26
CRWD,631,0.1771058315334773,1731188245.0,1035,0.85,1728810465.0,self.wallstreetbets,0,CALAND951,2024-10-13 05:07:45,2024-11-09 16:37:25
MSFT,845,0.18140589569160998,1731562266.0,1669,0.88,1731176362.0,self.wallstreetbets,0,D4K4TT4CK,2024-11-09 13:19:22,2024-11-14 00:31:06
AMZN,845,0.18140589569160998,1731562266.0,1668,0.88,1731176362.0,self.wallstreetbets,0,D4K4TT4CK,2024-11-09 13:19:22,2024-11-14 00:31:06
GOOG,471,0.19630484988452657,1731571173.0,1180,0.88,1725893920.0,self.wallstreetbets,0,krs8785,2024-09-09 10:58:40,2024-11-14 02:59:33
MSFT,645,0.16630196936542668,1731727173.0,2982,0.89,1702271808.0,self.wallstreetbets,2,MobyDick4Real_,2023-12-11 00:16:48,2024-11-15 22:19:33
GOOG,402,0.3082901554404145,1732326933.0,1426,0.9,1712673677.0,self.wallstreetbets,1,moldyjellybean,2024-04-09 10:41:17,2024-11-22 20:55:33
AMZN,1650,0.24742268041237114,1732388430.0,4044,0.82,1709756460.0,self.wallstreetbets,4,pitchfork_2000,2024-03-06 15:21:00,2024-11-23 14:00:30
CRWD,6,0.8333333333333334,1732716275.0,6,0.63,1732690579.0,self.wallstreetbets,0,IamInternationalBig,2024-11-27 01:56:19,2024-11-27 09:04:35
CRWD,1292,0.08196721311475409,1733753330.0,2492,0.78,1721739420.0,self.wallstreetbets,0,Da_Millionaire,2024-07-23 08:57:00,2024-12-09 09:08:50
MSFT,1292,0.08196721311475409,1733753330.0,2491,0.78,1721739420.0,self.wallstreetbets,0,Da_Millionaire,2024-07-23 08:57:00,2024-12-09 09:08:50
CRWD,65,0.2807017543859649,1734352864.0,27,0.71,1733887911.0,self.wallstreetbets,0,Kredit-Carma,2024-12-10 22:31:51,2024-12-16 07:41:04
GOOG,361,0.2134502923976608,1734696854.0,594,0.95,1733712557.0,self.wallstreetbets,0,MonkesNutz,2024-12-08 21:49:17,2024-12-20 07:14:14
GOOG,947,0.2222222222222222,1736124603.0,591,0.95,1735737216.0,self.wallstreetbets,1,b00z3h0und,2025-01-01 08:13:36,2025-01-05 19:50:03
GOOG,5830,0.02208835341365462,1736174987.0,268,0.91,1736110633.0,self.wallstreetbets,1,wsbapp,2025-01-05 15:57:13,2025-01-06 09:49:47
GOOG,7101,0.006160164271047228,1736797330.0,337,0.91,1736715451.0,self.wallstreetbets,0,wsbapp,2025-01-12 15:57:31,2025-01-13 14:42:10
CRWD,80,0.13513513513513514,1737569848.0,29,0.66,1721577083.0,self.wallstreetbets,0,TowerStreet1,2024-07-21 11:51:23,2025-01-22 13:17:28
AMZN,165,0.2727272727272727,1738306491.0,258,0.85,1730397831.0,self.wallstreetbets,0,Jeep600Grand,2024-10-31 14:03:51,2025-01-31 01:54:51
GOOG,59,0.01818181818181818,1738868348.0,63,0.77,1738700922.0,self.wallstreetbets,0,Aggressive_Floor_420,2025-02-04 15:28:42,2025-02-06 13:59:08
CRWD,29,0.1111111111111111,1738909473.0,15,0.8,1737094727.0,self.wallstreetbets,0,drazda,2025-01-17 01:18:47,2025-02-07 01:24:33
GOOG,16783,-0.008113590263691683,1738962386.0,166,0.9,1738925843.0,self.wallstreetbets,0,wsbapp,2025-02-07 05:57:23,2025-02-07 16:06:26
GOOG,9913,0.012170385395537525,1739186434.0,285,0.94,1739134652.0,self.wallstreetbets,0,wsbapp,2025-02-09 15:57:32,2025-02-10 06:20:34
GOOG,118,0.14705882352941177,1739192926.0,570,0.9,1739031176.0,self.wallstreetbets,1,adlibwaltz,2025-02-08 11:12:56,2025-02-10 08:08:46
GOOG,11628,-0.01016260162601626,1739223476.0,224,0.91,1739185052.0,self.wallstreetbets,0,wsbapp,2025-02-10 05:57:32,2025-02-10 16:37:56
CRWD,561,-0.02894736842105263,1739502615.0,182,0.92,1672520641.0,self.wallstreetbets,0,IRunFast24,2022-12-31 16:04:01,2025-02-13 22:10:15
GOOG,997,0.3804573804573805,1739940727.0,6505,0.95,1613423962.0,self.wallstreetbets,8,Ada_Diamonds,2021-02-15 16:19:22,2025-02-18 23:52:07
GOOG,105,0.2169811320754717,1741491882.0,788,0.94,1739869933.0,self.wallstreetbets,0,Purple-Ad-1231,2025-02-18 04:12:13,2025-03-08 22:44:42
GOOG,108,0.15,1741628094.0,917,0.98,1741037934.0,self.wallstreetbets,0,DemBirchez,2025-03-03 16:38:54,2025-03-10 13:34:54
GOOG,400,0.2398843930635838,1741777182.0,1499,0.98,1736107919.0,self.wallstreetbets,1,Robertroo,2025-01-05 15:11:59,2025-03-12 06:59:42
CRWD,429,0.17539267015706805,1742171235.0,2561,0.91,1741615984.0,self.wallstreetbets,0,FizzBuzz888,2025-03-10 10:13:04,2025-03-16 20:27:15
GOOG,221,0.23076923076923078,1742706723.0,1261,0.96,1742299402.0,self.wallstreetbets,0,Othe-un-dots,2025-03-18 08:03:22,2025-03-23 01:12:03
GOOG,109,-0.05434782608695652,1743954680.0,14,0.57,1743640852.0,self.wallstreetbets,0,_hopkins,2025-04-02 20:40:52,2025-04-06 11:51:20
MSFT,1804,0.060674157303370786,1744151645.0,5846,0.92,1743630188.0,self.wallstreetbets,1,Pleasant_Swim9921,2025-04-02 17:43:08,2025-04-08 18:34:05
GOOG,97,0.1724137931034483,1744170993.0,1678,0.98,1743629383.0,self.wallstreetbets,0,Psychopath1llogical,2025-04-02 17:29:43,2025-04-08 23:56:33
GOOG,720,0.12342569269521411,1746217743.0,2047,0.91,1613312363.0,self.wallstreetbets,0,longi11,2021-02-14 09:19:23,2025-05-02 16:29:03
AMZN,72,0.09722222222222222,1746307294.0,22,0.73,1746128010.0,self.wallstreetbets,0,DangerousBrat,2025-05-01 15:33:30,2025-05-03 17:21:34
GOOG,84,0.2261904761904762,1747332934.0,53,0.77,1747041422.0,self.wallstreetbets,0,chasingth,2025-05-12 05:17:02,2025-05-15 14:15:34
MSFT,84,0.2261904761904762,1747332934.0,52,0.77,1747041422.0,self.wallstreetbets,0,chasingth,2025-05-12 05:17:02,2025-05-15 14:15:34
CRWD,179,0.25882352941176473,1747455423.0,96,0.85,1741710525.0,self.wallstreetbets,0,Infinite_Risk_2010,2025-03-11 12:28:45,2025-05-17 00:17:03
GOOG,415,0.18045112781954886,1747460280.0,988,0.9,1729987865.0,self.wallstreetbets,0,coop-dog7,2024-10-26 20:11:05,2025-05-17 01:38:00
GOOG,8019,0.044444444444444446,1747740257.0,193,0.91,1747684650.0,self.wallstreetbets,0,wsbapp,2025-05-19 15:57:30,2025-05-20 07:24:17
CRWD,85,0.25316455696202533,1749255485.0,413,0.97,1748783327.0,self.wallstreetbets,0,callsonreddit,2025-06-01 09:08:47,2025-06-06 20:18:05
GOOG,7128,0.02620967741935484,1749638376.0,225,0.93,1749585504.0,self.wallstreetbets,0,wsbapp,2025-06-10 15:58:24,2025-06-11 06:39:36
MSFT,469,0.13333333333333333,1749664708.0,632,0.8,1749392799.0,self.wallstreetbets,1,xxCBCDxx,2025-06-08 10:26:39,2025-06-11 13:58:28
GOOG,469,0.13333333333333333,1749664708.0,629,0.8,1749392799.0,self.wallstreetbets,1,xxCBCDxx,2025-06-08 10:26:39,2025-06-11 13:58:28
AMZN,668,0.1222707423580786,1750454745.0,3547,0.89,1746407584.0,self.wallstreetbets,0,SnooAvocados7320,2025-05-04 21:13:04,2025-06-20 17:25:45
CRWD,17,0.2857142857142857,1750609293.0,4,0.59,1742411617.0,self.wallstreetbets,0,Anxious-Pea3432,2025-03-19 15:13:37,2025-06-22 12:21:33
GOOG,98,0.12903225806451613,1750611859.0,172,0.91,1734488000.0,self.wallstreetbets,0,MonkesNutz,2024-12-17 21:13:20,2025-06-22 13:04:19
GOOG,216,0.325,1751145251.0,599,0.96,1750795665.0,self.wallstreetbets,0,SammySossa1,2025-06-24 16:07:45,2025-06-28 17:14:11
